"","f01167cfcdeab9665a07bcb664e714e9","eae0738ba858df2d22433de0913bc58c","b167ad9fdf6c2158e6e90d7756049242","29a9aad667398c46822290d2f9a4bed6","c5c368fa5d36912d8a01dbdf80cf9aea","11b6e085e506436abb45e998147d138a","6c91b03edc155703d03eca97c5a2597b","673cdcc11571eff632f9639adc4aa4b2","499c26dbde4691c9dd12aa4400bce7be","7a788fd4ad85a44927663c33ca823af9","8622987ddfa6f1a7d9909f49018cb1f1","5c4c361695cb59f119cdf583d315aee9","5743f98d73beef7333f75b4a06355a05","bad5797a61879ba862a8f626a87d1b17","4d1dd1ab6d69c263ce76517dcdfaf4a9","9b119c3c0fa910deca32fd7571866de7","a8950ea716619e3682e2a34473e5adc7","98be5346ef1749fd281504e99abf8548","46e8089f9df0f7a608bcbf5fc3084648","d963b59f19db6517a9f26908f684545d","17f016e3298748a0eb03b67eb9267a19","fbd24a58a73dc247aa8bd2e8ab4f1bb2","4d4e84214dfdd2547dd11b167fb4f1dd","836b74915e12f96682e46e9e8eb909b5","e3fa90c670b3e7c3588c760c08c991b7","e6e736770ba0182e08607e5032536759","bc1326214ab2638d0f63fc58ff411b33","6eb3f747505b027607654373c88891d2","5a6289b8068d8b7722dafb10cc3d0b76","004ca9d14962355f711fea88ca840425","1d3c676d5555d4b2aa01154ec1d44206","1de8a8bc685293bc92fccfd080dd1a64","bc71b2ce4d24111d6991b7a90e629418","a4546f79ebf09835b8d436dbcee45a5d","d3ad1d89be0ec080dee21dc5283fcbe9","8b7cd55d5449f3c0aa282f514ca5995b","ed8e1240eb554ecf417abfbb4dd0b542","c0ded757054b102cc0c618885868378f","df1ce85ab323b711ebe3aaee27b258ae","ce9971dffb3ebc93e8d44e62e3c50e14","368a4fb93cc88e2ed88623deaa5b46b8","c15fa5c264d2420ced7f417314f350ab","d01e3f750fadfac2642cfc6c9233d021","a04a11b72b931e796ed97a673ee3b8f7","fe4c45af45a1ced6777398479ca5025b","0d4308a6c5651f024209d99da9d092f5","068882782bc1bcc841a6058533ef2040","d173e3eb5ae43069f02e699f35d72238","d779a3b2fa3b175317dfe3591225354a","e9c1d1a4a254dbd823b736a6d7f5079a","08be7ee7e2c933c064e9d7586f7c00aa","32ad00db5700d0a04654a84eed1b4c76","ed93c7b4d801fcb9f9f0c4c32624fa8f","1c7f6704d2656cd97c59fe332c421d36","0c443b081fb69d6f88d60364eac4d5d3","433a0d1e9a59e345f87b857efbd6c62f","fc9eb1f00856480534aa837ca362656e","a046007bb4a0ce2b32bb1c4dd6ee867b","35d6e8016653cf59aefb5ab6ad2d2cf8","ba4ef1fb0ba117b6a045541fc553be6f","f0d3ad42c3754a9af2c18ab6f102bb28","226097bd7a1661a286a3b62d1c1f0e3a","44032c281fd07bb43e90cb6ca1cfad2e","df5f8e6f57731f52381392871de418d1","e0b12a002f66a631d7db3322d42f4d6a","0db5d53458bf68ab4f3ca669bff9b5f3","a5b412c80c0409d344def7b47bd83821","7fca37e4e8e94eadce3b68ea6b31be77","9e0cf2990d3c1b967f22b595403e1578","ca3443e661e5449316a88cdc505f6506","e1aebe7c9c9145642a671f69b44ec69c","2e60a2b63ef994fe9a9f8de5efe538c2","dda4ffcaa0f0152f815fb83b3964f0c0","f32d3aae7b61b9034d192794f30bdd28","23f2efb78b7f6c9aff864c54df3e9f9a","3f8c83534cd95e430ee64a4f966169fb","494e7cb040a86bd3d91e7066a86d06d0","50935370327b2c7621fb3bf842aff307","7aa47d031d30f937cc5283b98f32f344","795afb2dc8981e9f33fdc2243dd67c11","42bf0230501446f0ac41a1cfa733a019","f221f8076616963818a94ba26d64e786","f2f5de6ed76bb0723cf1b61219904050","65654770a942b3ed73ed3001ce78e695","7f47e44138ceed006ea492d8464f8637","d2e384899f80cca5ef1896eab0c862ee","5b9a6dbfc952e746732fc2d8d850487d","25e66412d5d3929fdd2e88b4a4affff2","eedfcf07c3604960f7f54e17d4d170ba","cec58b5ab062695f1f163c48964d2ff1","62d8d67e8095731d106fa6f30180041b","39fbbdb269c209c5405e7fc70d2a0ec9","2767d4a7a901f282028a4285918789f1","a30e6cc09462ab39fa984611f8742bf0","225d61c2946d8c499a55465dc493edbe","ea052139a16a1ef0b7cdc98011d93b09","78a5b220c399011a5a72ce2755fc54ac","e29324327c99c1b90dee97aa116998d2","913e0ac3fe1767a88a0d99d8cfb1b096","04bb565690893e54ba147a858e9c57da","d897e821df898583baa7e832da459cfa","c701c3a70957b56b5fcfe64394278c29","d45051b862ebc3b764c6cd4758045a5c","24a243c38014e2daa1fadd8c23ec578f","4f44782d2e9483b14e4b8b3edc66c612","86254a9956fcb87aead3ede5680ad82a","35b02bf1210d1555b77db5fe81d1fd97","7f872c64e0f1619e2b8e537ac413a674","2e95fd11da45c34ee1cb0f946117cb48","191a69529c91c6bc3f1f0e8c560424a9","acc10c7fb85bf4bdd451a7d4c13c15bb","80cef54718b8b3b053e81320def20ea5","04a79736420e423d4cd6043253521d58","8e2e4a136a9c88493273398ce4b9ab28","177a3f71aabe7f12640a993eaac36069","2abcf003788d23bd2e0506a728d67415","36009a1a784a332284124f870270d589","d4f70b1fb46b3e8c80435163c993304d","55bfb2bcd8927eb6606df96d2643c987","12d74cf4397618486147c2db83d5823d","6e49fc95bd9c127e987ac272cc26cfcf","2acc0eeaf11d4e05a0275b4614e23db2","eee3dcf94a2ccb2389036c87bf6f340c","c54bf70908b1db0f88baa5d62cbedb52","4ed52398918c3276815f4fb4e9b52c01","1c641acbfb592b9fee2d900cdd6ea775","04452c83340ecb71a3c1bea0251bbd75","3c6560c1cf47619097ab1d6436b03f55","d1f8393943d8b6789840e53f9ba7f664","592b19b91910c7d13ead34e0a6e2c194","8cccf951be769aac9817e6cfad41b7bb","230b40d1516bb280a9485644172678ab","1676951ab7cce45528ff3b84ab7322b2","8c91c06c5f265a17b3a56ed458505830","744aee5ea12daecbc79ee5af40a7c59c","05131eda47202ff9fac2775b1cd653e8","864ffcac0b63f919924d35095f0cedcd","c2b091f3a453f33158ed70bd52bb9278","bc7ef4546f729a4a7b606b47d4df78de","66dd8a666224f8638a78fee4e5655695","793b874082543d7b4a5b3fa061e631e1","349bab8da37ab503ccfc4de9df2f71ae","2fa07353d82d0d36b91e41bc3b240516","9820ac465022b46ee55e22b95bde4289","2eced03d4224ef6cd48645bafad4721f","d646b9a5f1222134c135d4b5d5b6f287","7033d30d88ff10e71b933f7d2c3fdb1a","8d29a4b0e2aa4632d98d3b302ea9ef31","47fb23ca1df65735ae426560ee5d90cd","b7f64d28d49eb2d41b541aa1eb87168d","b8e9a09aa38f36d19cd4d57f156637ae","7c0221b4255a94fc2da4b51b79ebb189","c49b96326cfed7b8d97d7ce6e9a039c7","8279447c860fbdabb7ab1700cf3ec8dc","f4be831e34eb58cbd974685d4f455352","0e215eb5ea306a1d04c6b7fdd94e1cac","8ca1f16071d6ec4063c35f053fad7c87","04998ebac089ed3027cb4baece38d99c","f1ccf2f7fee0d217aa11ac016be26125","cfc784d01239569843b469b746b4480d","9b7df2deef0a096a7843440bffbfe809","c0760c8bb5af78b448b74dabd5dc0cd7","2cdcf81d70e0174f668f3351c4a6da9e","e5c182a72ab6968853f3675e8c66677e","519464130999e0f8f5f9c00dacac4b4d","08e5996d843b3203b06163edc542cdef","88ab9af7bd6d8a09c14a812cb2082a79","0ffe1c0b10c23e914f31815446e63b43","4bec907c5c52d95f0cdd7b27574551e6","f851259f9ce3d4995cd742108b6487d8","71923d469c153df048fc36822eebcd15","81fb9360f5e5db4f7d99b5f099c691bf","3272b5d7672fceaf5b7de4288af347a2","37c4a32e028b15947d0bb74403274ced","50843be1c86ff48040e3afb94ffeef5d","5843b15422897633f1b834c1aea45d97","ff879f5418ebe06779501b57b52cb944","f67ce1b43b430597b6c3ce04140cdea1","14c7421ccb8cb1199fe15c7ec91f3a97","35395b9940e22cf94b73f86eabc11190","8687d1ad150228c9da510f906b670cd2","30224fff17f43adec51a3b47940b5d01","5c0b43a1ab1e62e3373713d9e7c53c3e","620edd2956ede81b09704c3f3f5657fa","8030b5c287dcd9545dd081d79cf9f625","01e20f7890bfbcc95e7bf84d1432989b","e76550bbbd18a8319067eccc4b353635","d8b252700645ef1d1fdefed4c0f385fc","c1d1a48bfe3724f03161c473df7784df","fd5fedd489121a57f34fa171ac341906","f52c7d052641860703cab377fe3ccdc0","10b6a949a1500e8e9c3ef957824e03d9","9960c3fcfc2429f0aefd98aa370382ce","54c75ff9808ad69261f196f3fa130b06","8bdb9230ca56dd9fc91558a3bbb273e3","34f596506fec311944e2ffcd6c1dcaba","fd5f98fa76b609190af6510367d7f5c4","58377641ce275fddf1788bcd37a3c133","1af14ca4abaea5d37600b68152fa9557","e8072d8f9324c234e49a645271f23cc6","69ce0617cbc3b5ee8bf0bdf40659d73a","9b5c4102f89933c58dba769077b9610c","bb023fa57fd1964b6ebb7eb0fbd38213","e3037e0b8dafc455576ace7cc6a9a5b9","915f46063d42e99137a5764e3514e3cd","27ca1a093b7852fb8a446c07ad8cde38","b1b251321b035c2d4a3545fa8d6eeff7","944d361e7ebe5db657ec5bdea34cc814","46e806c03cfddc66ec8b10a0e428d906","fc1a64721dd7cc12d6e71bef317bb9ac","eb7176dbda53db07c5bcd55baebd6889","40ff58f91c62bf1e46b6ef7bdbdafd81","be13798afba9ac3f2fe9be00d80f31b7","496317f9b237c54201f4f54513407292","3d0a443b28cb55ee49afc9943974489a","f4a2a047d84de41dda60df04dddbe1de","129c76f1b24b0f10b24d7b20f92cbdb8","57273e0d47cf3ed1c2679c0a9ce830dc","fa08aab69ace8e41bf1701e96ad7ea00","377863b9b5f359b6bfd5cbe4c2bfdeda","a94d18b415098c03d741d9ba63c46bd4","0582d4db3e0afefcc86b1f556220719d","9e5bc44b0fecf5884feadc476f9cf8f7","d419118aa44c5656e2830f0fbc7078d1","b884cf6468f7bde54ec8f893adf3889b","6d8ddff586ac69644f128103adce740c","555ce978698742a59a9b7bd8d48c1bed","f181ec516a350819ed3783f34c749236","57c269490323949d8db2d7dfc2cf3153","e56e859329f9270a29303096437c8c2b","d7ec23ebad7e4698083e474a5c27fa63","a8d7bdaee5ef6e60544b14c9998fe1dc","ba930ca4f3362f71c806f060c2dc5f37","610adc0266739346ef2158575b8e7ff8","18f0e786629b92bb1bef9c30856671bc","ae667022055717d105477d2417aca00b","35d0cea71127594ce58188abdbe9f3aa","14529be581465b96345e96adfcdbe2df","801a759b951725e76640d54b8181f643","9eed0644acfd53baabcfca5b1e9df87c","15d1e73f255fe160549e87d6cd86aa4c","7bc78e46e572924b45b560e9f8f8c7bf","0b393c8bd15a5801b3612bcf60e0c381","cc561ca377cb48483631b2da125e4c18","8d490b2dec6cf6447a84e20089dddc79","f63304afda846ba3536f24cf9b9e0e4a","0b2cfae607c37bc20fc4b724e80500c9","697646f319e03f19c8212e39df12c5c4","4022e96a38072ebc88226b354b3868b5","9d2172199449d686af2fc12e39ca763f","7bbf66d2c237d2b03ba3a7e5adf9ad5f","25a2d86cadb848b5499512375d6869dd","871dad746a2989fd3014eb06cbd2d24e","a37ad0ae5658187f03ca30dc83f27457","98ef2f9b4303708cb8edc91e125e520c","4a0daa3fde0edc6ee96af34d0e8d6693","122e1ba1eeb3b0a650520c516087685e","baff7370c4e4086b765b9becb975479c","cdb83f8e31e9e0736ac2931e3474c48b","015c8a5e70e6db4de5f7303cdf5594a8","273b2166874c7fb2a29c7685a202cd07","c3ea52b85e0f731e96157e4cf55161c5","ebd427c8be6d8ee3e9986e59566a4870","544273a8368e2f46cde76fc5c04f0115","c6f6350d2c7111f862ba1143f698ca91","c8d173b93e4e54fdda3c2d0b5449bcbf","7869f35d2bba320ff200f95c9c1dc1b5","57846ed95cd0fb8ab1266c567fb67ac6","e46fd99e11002541c8b87ca8d05886a3","2ce831c5dc58810295a20c6113b40042","03d6fc643478776609be385a3d62b97e","04ded369e0f047051ba8fd98c1b40fb0","9b238b6d5798d8f9c07b0982b48c53b7","101c00a240afc542f187a9d53a9b76cc","5071a9a74b55755f1a2b012ba74ed395","2bd0a4ceb6f4f0d0d442aa6c7733540b","e539cfe7a9bd0a7de696f876451d5d26","1f7a7c2deed26ce8887238c54b6c0c61","35195b675fcd32941cf09089230e84e8","92588601528b9fbdb33ab0fca379f2a2","993d3f926964d3337edf24885c697c74","ba0462fea6196269680a892e43f90952","0495ee5a976b4e675a8f08bc17428218","abb8b248d0ec0482c7963566a78a98de","0e3caa4292059460b6375e8a553e21b9","9afec21f94117501214e65e1c9f2ca4a","f56c0d82035a542db074a16d048272b3","882c8043617aa3844e1e1743c7e6bc81","4a4070e80af3d3fa3c67e5b14ca6feb1","8cbeee4c9a8ba9034e69df01872cc82a","c0d22b49e9e6a680d740a8a70e193254","0be663e4fb0aa1ae4ffb416676f43037","3a18384217c73be4859edf6210b2be3d","54057a5760ed3c2613a9e44be87c6b1f","c4b24c97f26535090f130dbf1782d824","a3212a5ee0723fafff46fe65be95d3ce","e756a5b3782ee3d13cf4f8000c9a315e","aaea89b1c23e8a9683f94600b520f30f","c4e9a040a11dcf068bc2eeda7671b0f8","d6f143ec4f754489904413148f69ef6b","b50963276da84e8e5d5dfb0392e0e022","aab9f02b912e385f7032a1848a1fe864","023a40e56500d1025afc0a253d7ec3f1","0e6c226257461063ff88e2fada0dd4ec","45fb7a54746d7162371434aad6e33dc5","0333d542ce689a70b93030777d4e05a0","afa62294d53318adbcb069b1a99b84e0","bf2dcf2d8a8a697aece9166522516310","feffcbc8c7fb1147ffce443eeb5cbe0e","34f776e77d8a7293b5e5033920a5028e","4976ee817409d0798910de514c3879a5","30dc7e7c7ccb548cd9cadbff7baa0e35","d99f14cbc7ac8a87aa735651dd985268","7afd7bccdc5282c7063c9fb455c7b8bd","e40f6720aea645f453c72277c405dc62","b73c20957c859ae9e8f4d9b850a04795","b3d58fb2671ed7bde42ae5d35bdafdaf","2bf1953fe24053ccb8d7e2e15bd50fa8","8c146536c20ed164623f96537a9ed624","3dfd694c9c804c937878c31b7769c4a9","c48ad4dc77f71dc302afcbf029df7d2e","bcd5556a37e983d01c4e7937c9f22517","55b66af1baa21c569ec0b4b0659bc59a","209e2b516fc6e6e657a494aec5be3582","8823c7f9d8dcc34bedb3f8305933c2ee","8d3e9245ea69abd07778d0c501de6fd8","0b9847eac0f5379022db4c8a90f11ebe","bcce13a84861f4f805f8cc9845bae00c","d924b450b2a61dd2af8c3d0fe3dc33bd","f4db19c8160f50c91b687fbeabd9dff9","c85346e0d15c964a5e15f047323d2a1d","a1d44e0b35a2a42e8d14b6aa7afe65e2","6f26f9a78c7992c88f7e8d96b645bff5","1d4225645365b815f8a66d621722711e","3b41b6348357b0cdb38bd031c6fe27cd","d3c51efa5875fd065c82425fceb77d9e","4e2017ef6d74a3689e7f0042679294a5","80be6d7dad1626a0b00101c4e329a33c","63dd3986b722a781191c5053e5b46443","424480e9686c5c5f0c1c5d7bb52edd74","b26b8a66d6929a91078074efd93edebe","3b35a536401004e9293d8376d27a7fab","c41b726eb9e5d4016dbe8511d166a829","38576d73b4d4cc401ed1f5a4ec1eaca2","2f28d1649120cfa91122687cb1b9f0f4","d63340f517b7b0437d16de6ea9024108","42cb2f2d9b340bfa805e265090d889ed","d7aa7a0ff6365e77367c066ac870ed74","5755b57821d8b0ccc0811a73952ca524","d6d0a66da4d22ec52e8ff8168f7b0cf6","664bc9d736d690de3f9814b709b6de86","e16be6de6436803e3b84a5b5a648bb17","1ecf778339d10c422406343478275d34","115a195a25fe81bd6488ea34e2f7df4c","b9c59f27e2022e47e0f86d33424608fb","620cb9f60d19ab3b1fd26d13783c3feb","00ac4a188a035a030fd42935afd5238d","a2b352df1d9067717903f345a3cc9db8","6cba59dc355fa4edc819f9a71c9d1358","69949bac9828667f2c0898beb783eeee","e6c8bad6f09d8ee85d932d37c6181b05","9531c10d35c64cd2cac9783185daf724","49f81d1af6f1bc81f7c3c8125472b9aa","1e31332fc0c31fd3ab00f69dd20cf09c","99b3d2963ed7d5c9b683222262d53178","3a0e7148d2a422b1dc6dd67b785ac29f","c83cc10c5c968989f613da9928f8a9f4","f571384684eedfa0df11e4f4fbc4c7ea","04cb9ad49b497be53c03ede172e1bdc8","0613a281050f9667955dba05547fa8f0","605d5ca5beea3db031eb01e96324cc11","26e5e0fa319e12161f3374cb4ad84de4","a8809310a898974835379d8d052e3f43","16f8da794fa8f67d7b702b384ea9bea5","719e4c55f5615a2810e0c0ec008ff635","9399f7fd2a19e05b69fffa5118707839","5f5d134e25e6882f543176a7ad5b36df","0cfc6dc25d50f8a1c1c45fd89a66d3f4","d05e9ec4485aa6a01ae241be3fdfda5d","deebed15f4f69009faf7228a7d9664cf","2f918fc7784475df2c7e33e106d9c44d","fb2df3039e06d02bb2d915abc15ba151","e21793f65f76d65488112840fd546d73","9f59e865f69a2ca93cbdda982e552569","24a078e7d2c7113c277203db8b2923e1","a081ff70a14869d025a79985f5cfe12f","380faca2ed9f4d76fee0272bdbb296e8","211aba62677dc2fc928db34196684877","4496348917bd5258c5c772372f263997","d304bc7f4545d539adcc4971194a64d9","db58f12d9f001fd6b0a6388adb1e6442","483d8676d5f09e92ecbd32785d3a008d","d9b9107ea6c9b53735665c7c64d24109","e5b18487777c63e11001c1f5f97683eb","4f42f4538978d152705042e1250c2f58","3e3678a909a58aac4d1b6cf1d75f9dcf","b0b40618af9ad57848c1f0e1d4b32957","16c378ce2de02099c1e3322bb0fd7f68","2fb928ae4fd0600ad8ae0877a534b883","2d955cc152c10ce8dca68569cef5c11a","f2755260cbbe25b4cfa24fabd8b5e9a8","dca67ad73b53530f3c03efef3ea439d4","85e62d0d6f363b80e5cbd07385bc9933","c108fc6805018c3c13f563a148dc2f0f","9420262ab76429f148a8e332d979a41b","167612b6e68fe743e1a5b62ef865f12f","03db570affd10edc30effd554ae2e0b2","1ab530e1f984b3ead9312c34e7412526","fe1463f480fed6c4b6dc80d42a8e351e","b8131570ad29231979f46df3359899a0","0953b98deafb4f4c45d044efc552f37c","1b76046e3f81d3a198ec580fc090c4b0","804f1647295785a88dc28b9b30dc5077","348abd6c46f68f536f434bf7bbfbb3ee","1511310e458910c9da8531cb7b561b56","ac21fb7ec96f79af9c552279a961734e","84b025324c556ea0cf4a12459af3e6a9","522af6a1b2fea6ac42042a9088a42834","d62cbb7b2632218bea8a7eee049ce9f6","2dd78e8512b3997ba04d894fdac63da8","39acc0bbdfc59d60a58426e367ddd4a2","73f177839532b93e2871baaed9e3dc20","804b3939e1c14eaa58f4b69153f8f58c","020fa0db00ae13bedc5ae3ed7a8b2419","1d07e20b7d0be742f8c208f351c09bed","0db7c044ce79a4286c065a49e538a96d","570d3fbb16764e1eb60cba28c0baf4ff","7f159cd4b218db561dcce9a206b80639","77c8bbae9e78d6c134f951ce81960b1d","319adc2215b802a180f102d1b46c714f","bf2480de28c9a72281fd276b4fd65bdf","cf0ff530a1909ab20d4cb06b82172cf2","df211db391ed3cec2e0368f72aef85c8","23a7ab6b857303de787df95876cdba94","7abb3c3c476e9ccd15679433e25fc2a2","229983ed317b6c4b4dff3ca3ff2d18ae","224b3aa616978bad13ef4761d70bcf5a","cf0cf59de95c851185f77fd740856e75","2d5db26fb916f96531623e8c1ab646aa","419bddf7314901963c9c2d38f8313697","f5a3373c8fd711cfb329d5e6596f47d7","e961da74718013c0500f170fa215bc28","3bc2216a7ddb18331d7d8acb08afc54d","393dbda511009d9e60372a600835fb1f","ebe65a8415fcb9c5380e513026fb125f","2c1f8c6605b4eea3c8eb82c8bfe4a6f4","d98349f7c26909ab9636f90ac6ab33e5","5379baa1c54b34e6a463ee07ca7f4dfa","87434295f8f42e519aa9d73e2f96c237","12ea16313245214f20a0afc823b55cd1","d7e68c62d4ee92f40a0302a3d11b2eea","0f8c6007254bff01cffda29ae7be9268","540903f6cbc988eea32e369f2b99a900","8022c85d14741464ad339f0713fa6dc6","fe5c269ebe63bafb4bbabe31722377ad","c6312d21e00e9aa6eea776a8fb2618da","f648748515663060a64e8ab63b647c37","e09f00656413eff480d8babe989a4f18","928981167e1623a9834941fb1e48b684","98201855c8f0ec51bb349d9b2c6a32b8","abf0973a9c329a494febaf3771476c0b","f2627a2c3aea754d73aabac0d2beb4d1","f68c45e9480dabe25512880485cbc02c","ccc61411494d6b62ae3a48c0029df694","58c62474003b28261ec78db6f4667bcf","24d80c643628652b741ea3d016e41d94","af8723e8077acfe6a7abfbbe9f9ebbdd","806aeaf6f93e8f7fd99c40dd2553b12a","42ba1a174207fba24df8213405dd3406","cc7505281d68c5343ce8687399c204d4","07d0062e63a21a31a692129f8fe16ac6","7f87c4c1f06f00034873a8a1b97a8896","97d4a8df873312f8b6964af0f89b6040","634aaa239089156ae20d938019fbb335"
"103pre",0,0.0372208436724566,0.0744416873449131,0.0223325062034739,0,0,0.285359801488834,0,0,0,0.0198511166253102,0,0,0,0,0.0124069478908189,0,0,0,0,0,0.280397022332506,0,0,0.0124069478908189,0,0,0,0,0,0,0,0,0,0,0,0,0,0,0.143920595533499,0,0,0,0,0,0,0,0.00744416873449132,0,0,0,0,0,0,0,0,0,0,0.0148883374689826,0,0,0.0272952853598015,0,0,0,0,0.0223325062034739,0,0,0,0,0,0,0,0,0,0,0,0,0,0,0,0,0,0,0,0,0,0,0,0,0,0,0,0,0,0,0,0,0,0,0,0,0,0,0,0,0,0,0,0,0,0,0,0,0,0,0,0,0,0,0,0,0,0,0,0,0,0,0,0,0,0,0,0,0,0,0,0,0,0,0,0,0,0,0,0,0,0,0,0,0,0,0,0,0,0,0,0,0,0,0,0,0,0,0,0,0,0,0,0,0,0,0,0,0,0,0,0,0,0,0,0,0,0,0,0,0,0,0,0,0,0,0,0,0,0,0,0,0,0,0,0,0,0,0,0,0,0,0,0,0,0,0,0,0,0,0,0,0,0,0,0,0,0,0,0,0,0,0,0,0,0,0,0,0,0,0,0,0,0,0,0,0,0,0,0,0,0,0,0,0,0,0,0,0,0,0,0,0,0,0,0,0,0,0,0,0,0,0,0,0,0,0,0,0,0,0,0,0,0,0,0,0,0,0,0,0,0,0,0,0,0,0,0,0,0,0,0,0,0,0,0,0,0,0,0,0,0,0,0,0,0,0,0,0,0,0,0,0,0,0,0,0,0,0,0,0,0,0,0,0,0,0,0,0,0,0,0,0,0,0,0,0,0,0,0,0,0,0,0,0,0,0.0272952853598015,0,0,0,0,0,0,0,0,0,0,0,0,0,0,0,0,0,0,0,0,0,0,0,0,0,0,0,0,0,0,0,0,0,0,0,0,0,0,0,0,0,0,0,0,0,0,0,0,0,0,0,0,0,0,0,0,0,0,0,0,0,0,0,0,0,0,0,0,0,0,0,0,0,0.0124069478908189,0,0,0,0,0,0,0,0,0,0,0,0,0,0,0,0,0,0,0,0,0,0,0,0,0,0,0,0,0,0,0,0,0,0,0,0,0,0,0,0,0,0,0,0,0,0
"104pre",0,0.252157829839704,0.0480887792848335,0,0.00739827373612824,0.0789149198520345,0,0,0,0.0388409371146732,0.0104808877928483,0.0147965474722565,0,0.0351418002466091,0.0542540073982737,0,0.0258939580764488,0,0,0.0351418002466091,0,0,0,0,0.0117139334155364,0.00863131935881628,0,0,0.00739827373612824,0,0,0.00863131935881628,0.0283600493218249,0,0,0.0030826140567201,0,0.0271270036991369,0,0,0,0,0,0,0.0265104808877928,0,0,0.0209617755856967,0,0,0,0,0,0,0,0,0,0,0,0,0.0191122071516646,0,0,0.0141800246609125,0,0,0,0,0,0,0,0,0.00739827373612824,0,0,0,0,0.0092478421701603,0,0.0197287299630086,0,0,0.0147965474722565,0,0,0,0,0,0,0,0,0,0,0,0,0,0,0,0,0,0,0,0,0,0,0,0,0,0.0215782983970407,0,0,0,0,0,0,0,0,0.0030826140567201,0.030209617755857,0,0,0,0,0,0,0,0.0228113440197287,0,0,0,0,0,0,0,0,0.0110974106041924,0,0,0,0,0,0,0.0135635018495684,0,0,0,0,0,0,0,0,0,0,0,0,0,0,0,0,0,0,0,0,0,0,0.00431565967940814,0.00678175092478422,0,0,0,0.0129469790382244,0,0,0,0,0,0,0,0,0,0,0,0,0,0,0,0,0,0,0,0,0,0,0,0,0,0,0,0,0,0,0,0,0,0,0,0,0,0,0,0,0,0,0,0,0,0,0,0,0,0,0,0.0215782983970407,0,0,0,0,0,0,0,0,0,0,0,0,0,0,0,0,0,0,0,0,0,0,0,0,0,0,0,0,0,0,0,0,0,0,0,0,0,0,0,0,0,0,0,0,0,0,0,0,0,0,0,0,0,0,0,0,0,0,0,0,0,0,0,0,0,0,0,0,0,0,0,0,0,0,0,0,0,0,0,0,0,0,0,0,0,0,0,0,0,0,0,0,0,0,0,0,0,0,0,0,0,0,0,0,0,0,0,0,0,0,0,0,0,0,0,0,0,0,0,0,0,0,0,0,0,0,0,0,0,0.00184956843403206,0,0,0,0,0,0,0,0,0,0,0,0,0,0,0,0,0,0,0,0,0.00246609124537608,0,0,0,0,0,0,0,0,0,0.00493218249075216,0.00493218249075216,0,0,0,0,0,0,0,0,0,0,0,0,0,0,0,0,0,0,0,0,0,0,0,0,0,0,0,0,0,0.00123304562268804,0.00369913686806412,0,0,0,0,0,0,0,0,0,0,0,0,0.0030826140567201,0,0,0,0,0,0,0,0,0,0,0,0,0,0,0,0,0,0,0,0,0,0,0,0,0,0,0,0,0,0.00184956843403206,0,0,0,0,0,0,0,0,0,0,0,0,0,0,0
"107pre",0.0690010298661174,0.124098867147271,0.053038105046344,0.0298661174047374,0.0082389289392379,0.0411946446961895,0,0,0,0.00772399588053553,0.0144181256436663,0,0,0.227085478887745,0.01956745623069,0,0,0.00772399588053553,0,0.00360453141091658,0,0,0.00463439752832132,0,0,0,0,0,0,0.00720906282183316,0,0.00669412976313079,0,0.00772399588053553,0,0,0,0.00669412976313079,0.0123583934088568,0,0,0,0,0,0,0,0.062821833161689,0.00463439752832132,0.0164778578784758,0,0,0,0,0,0,0,0.00669412976313079,0.023686920700309,0,0,0,0,0,0,0.00669412976313079,0,0,0,0.0082389289392379,0.00617919670442842,0,0,0.0118434603501545,0,0.0159629248197734,0.0216271884654995,0,0,0,0,0,0,0,0,0,0,0,0,0,0,0.0200823892893924,0,0,0.0149330587023687,0,0,0,0,0,0.00617919670442842,0.0180226570545829,0,0,0,0,0,0.0118434603501545,0,0,0,0,0,0,0,0,0,0,0,0,0,0.0267765190525232,0,0,0,0,0,0,0,0,0,0,0.0247167868177137,0,0,0,0,0,0,0,0,0,0,0.00308959835221421,0,0,0,0,0.00102986611740474,0,0,0,0,0,0,0,0,0,0,0,0,0,0,0,0,0,0,0,0,0.00926879505664264,0,0,0,0,0,0,0,0,0,0,0,0,0,0,0,0,0,0,0,0.00669412976313079,0,0,0,0,0,0,0,0,0,0,0,0,0.0108135942327497,0,0,0,0,0,0,0,0,0,0,0,0,0,0,0,0,0,0,0,0,0,0,0,0,0,0,0.0082389289392379,0,0,0,0,0,0,0,0,0,0,0,0,0,0,0,0,0,0,0,0,0,0,0,0,0,0,0,0,0,0,0,0,0,0,0,0,0,0,0,0,0,0,0,0,0,0,0,0,0,0,0,0,0,0,0,0,0,0,0,0,0,0,0,0,0,0,0,0,0,0,0,0,0,0,0,0,0,0,0,0,0,0,0,0,0,0,0,0,0,0,0,0,0,0,0,0,0,0,0,0,0,0,0,0,0,0,0,0,0,0,0,0,0,0,0,0,0,0.00257466529351184,0,0,0,0,0,0,0,0,0,0,0,0,0,0,0,0,0,0,0,0,0,0,0,0,0,0,0,0,0,0,0,0,0,0,0,0,0,0,0,0,0,0,0,0,0,0,0,0,0,0,0,0,0,0,0,0,0,0,0,0,0,0,0,0,0,0,0,0,0,0,0,0,0,0,0,0,0,0,0,0,0,0,0,0,0,0,0,0,0,0,0,0,0,0,0,0,0,0,0,0,0,0,0,0,0,0,0,0,0,0,0,0,0,0,0,0,0,0,0,0,0,0,0,0,0,0,0
"109pre",0,0,0.117088607594937,0,0.0158227848101266,0,0,0,0,0,0,0.137658227848101,0,0,0.109177215189873,0,0,0,0,0.0126582278481013,0,0,0,0,0,0.0126582278481013,0,0,0.0158227848101266,0,0.0221518987341772,0,0.0268987341772152,0.0316455696202532,0,0.00949367088607595,0,0,0,0,0,0,0,0.00474683544303797,0.106012658227848,0,0,0,0,0,0,0,0,0,0,0,0,0,0,0,0,0,0,0.0775316455696203,0.00632911392405063,0,0,0,0,0.0126582278481013,0,0,0,0,0.0205696202531646,0,0,0,0,0,0,0,0.0363924050632911,0,0,0,0.0142405063291139,0,0,0,0,0,0,0,0,0,0,0,0,0,0,0,0,0,0,0,0,0,0,0,0,0,0,0,0.0901898734177215,0,0,0,0,0.0205696202531646,0,0,0,0,0.00949367088607595,0,0,0,0,0,0,0,0,0,0,0,0,0,0,0,0,0,0,0,0,0,0,0,0,0,0,0,0,0,0,0,0.0411392405063291,0,0,0,0,0,0,0,0,0,0,0,0,0,0,0,0,0,0,0,0,0,0,0,0,0,0,0,0,0,0,0,0,0,0,0,0,0,0,0,0,0,0,0,0,0,0,0,0,0,0,0,0,0,0,0,0,0,0,0,0,0,0,0,0,0,0,0,0,0,0,0,0,0,0,0,0,0,0,0,0,0,0,0,0,0,0,0,0,0,0,0,0,0,0,0,0,0,0,0,0,0,0,0,0,0,0,0,0,0,0,0,0,0,0,0,0,0,0,0,0,0,0,0,0,0,0,0,0,0,0,0,0,0,0,0,0,0,0,0,0,0.0300632911392405,0,0,0,0,0,0,0,0,0,0,0,0,0,0,0,0,0,0.00949367088607595,0,0,0,0,0,0,0,0,0,0,0,0,0,0,0,0,0,0,0,0,0,0,0,0,0,0,0,0,0,0,0,0,0,0,0,0,0,0,0,0,0,0,0,0,0,0,0,0,0,0,0,0,0,0,0,0,0,0,0,0,0,0,0,0,0,0,0,0,0,0,0,0,0,0,0,0,0,0,0,0,0,0,0,0,0,0,0,0,0,0,0,0,0,0,0,0,0,0,0,0,0,0.00949367088607595,0,0,0,0,0,0,0,0,0,0,0,0,0,0,0,0,0,0,0,0,0,0,0,0,0,0,0,0,0,0,0,0,0,0,0,0,0,0,0,0,0,0,0,0,0,0,0,0,0,0,0,0,0,0,0,0
"111pre",0.0150375939849624,0,0.0819548872180451,0.00526315789473684,0.037593984962406,0,0.174436090225564,0.00676691729323308,0.0308270676691729,0.0488721804511278,0.00526315789473684,0.0390977443609023,0,0.0676691729323308,0,0,0,0.0225563909774436,0,0,0.00526315789473684,0,0,0.0315789473684211,0,0,0,0,0.00601503759398496,0,0.00451127819548872,0,0,0,0.0210526315789474,0,0.0037593984962406,0.0075187969924812,0,0,0,0,0,0,0,0.0195488721804511,0,0.00300751879699248,0.00676691729323308,0,0,0.0120300751879699,0.00676691729323308,0,0,0,0,0.00827067669172932,0.0105263157894737,0,0.0037593984962406,0,0,0,0,0,0,0,0,0,0,0,0,0,0.00451127819548872,0,0.00451127819548872,0,0,0,0.0105263157894737,0,0,0,0,0.0473684210526316,0.00676691729323308,0.012781954887218,0.0180451127819549,0,0.00300751879699248,0,0.00827067669172932,0,0,0,0,0,0,0,0,0,0,0,0.00526315789473684,0.00977443609022556,0,0,0,0,0,0,0,0,0,0,0,0,0,0,0,0,0,0,0.00225563909774436,0,0,0,0,0,0,0.012781954887218,0,0,0,0,0,0,0.0157894736842105,0,0.00225563909774436,0,0,0,0,0,0,0.0037593984962406,0,0,0,0.0120300751879699,0,0,0,0,0,0,0.00225563909774436,0,0,0,0,0,0,0,0,0,0,0,0,0,0.0075187969924812,0,0,0,0,0,0,0,0,0,0,0,0,0.00300751879699248,0,0,0,0,0,0,0,0,0,0,0,0,0,0,0,0,0,0,0,0,0,0,0,0,0,0,0,0,0,0,0,0,0,0,0,0,0,0,0,0,0,0,0,0.024812030075188,0,0,0,0.0210526315789474,0,0,0,0,0,0,0,0,0,0,0,0,0,0,0,0,0,0,0,0,0,0,0,0,0,0,0,0,0,0,0,0,0,0,0.00676691729323308,0,0,0,0,0,0,0,0,0,0,0,0,0,0,0,0,0,0.00902255639097744,0,0,0,0,0,0,0,0.0037593984962406,0,0,0,0.0142857142857143,0,0,0,0,0,0,0,0,0,0,0,0,0,0,0,0,0,0,0,0,0,0,0,0,0,0,0,0,0.0105263157894737,0,0,0,0,0,0,0,0,0,0,0,0,0,0,0,0,0,0,0,0.00601503759398496,0,0,0,0,0,0,0,0,0,0,0,0.0075187969924812,0,0,0,0,0,0,0,0,0,0.00225563909774436,0,0,0,0,0,0,0,0,0,0,0,0,0,0,0,0,0.00601503759398496,0,0,0,0,0,0,0,0,0,0,0,0,0,0,0,0,0,0,0,0,0,0,0,0,0,0,0,0,0,0,0,0,0,0,0,0,0,0,0,0,0,0,0.0037593984962406,0,0,0,0,0,0,0,0,0,0,0,0,0,0,0,0,0,0,0,0.00300751879699248,0.00300751879699248,0,0,0,0,0,0,0,0,0,0,0,0,0,0,0,0,0,0,0,0,0,0,0
"116pre",0.0236486486486486,0.120495495495495,0.0281531531531532,0,0.0202702702702703,0,0,0,0.0923423423423423,0.0574324324324324,0.0101351351351351,0.0574324324324324,0,0,0,0,0,0.0382882882882883,0,0,0,0,0,0,0,0.0112612612612613,0,0,0,0,0,0,0,0,0,0,0,0,0,0,0.0213963963963964,0.0135135135135135,0,0,0.0247747747747748,0,0.0878378378378378,0.0045045045045045,0.0101351351351351,0,0,0.0123873873873874,0,0,0,0,0,0.027027027027027,0,0,0,0.00563063063063063,0,0.0326576576576577,0,0,0,0,0,0,0,0,0.0236486486486486,0,0,0,0,0,0,0,0,0,0,0,0,0,0,0,0,0,0,0,0,0.0337837837837838,0,0,0,0,0,0,0,0,0,0.00225225225225225,0.0247747747747748,0.00563063063063063,0.0045045045045045,0,0,0,0,0,0,0,0,0,0,0,0,0.0123873873873874,0,0,0,0,0,0,0,0,0,0,0,0,0,0,0,0,0,0,0,0,0,0,0,0,0,0,0,0,0,0,0,0,0,0,0,0,0,0,0,0.0495495495495495,0,0,0,0,0,0.0168918918918919,0,0,0,0,0,0,0,0,0,0,0,0,0,0,0,0,0,0,0,0.00563063063063063,0,0,0,0,0,0,0,0,0,0,0,0.00675675675675676,0.0540540540540541,0,0,0,0,0,0,0,0,0,0,0,0,0,0,0,0,0,0,0,0,0,0,0,0,0,0,0,0,0,0,0,0,0,0,0,0,0,0,0,0,0,0,0,0,0,0,0,0,0,0,0,0,0,0,0,0,0.0135135135135135,0,0,0,0,0,0,0,0,0,0,0.0146396396396396,0,0,0,0,0,0,0,0,0,0,0,0,0,0,0,0,0,0,0,0,0,0,0,0,0,0,0,0,0,0,0,0,0,0,0,0,0,0,0,0,0,0,0,0,0,0,0,0,0,0,0,0,0,0.0168918918918919,0,0,0,0,0,0,0,0.0157657657657658,0,0,0,0,0,0,0,0,0,0,0,0,0,0,0,0,0,0,0,0,0,0,0,0,0,0,0,0,0,0,0,0,0,0,0,0,0,0,0,0,0,0,0,0,0,0,0,0,0,0,0,0,0,0,0,0,0,0,0,0,0,0,0,0,0,0,0,0,0,0,0,0,0,0,0,0,0,0,0,0,0,0,0,0,0,0,0,0,0,0,0,0,0,0,0,0,0,0,0,0,0,0,0,0,0,0,0,0,0,0,0,0,0,0,0,0,0,0,0,0,0,0,0,0,0,0,0,0,0,0,0,0,0,0,0,0,0,0,0,0,0,0,0,0,0
"118pre",0.0989355040701315,0.084533500313087,0,0,0.026299311208516,0.0569818409517846,0,0,0,0,0,0,0,0,0.0225422667501565,0,0,0,0,0,0.0050093926111459,0,0,0,0,0,0,0,0.0181590482154039,0,0.00876643706950532,0,0,0,0.00876643706950532,0.00563556668753914,0,0,0,0,0,0,0,0,0.00563556668753914,0.180338134001252,0,0.0194113963681904,0.0100187852222918,0,0,0,0,0,0,0,0,0,0.0112711333750783,0,0.00313087038196619,0,0,0,0,0.050093926111459,0,0,0.00313087038196619,0,0,0,0,0,0,0,0.00250469630557295,0,0,0,0.00751408891671885,0,0,0,0,0,0,0.0325610519724483,0,0,0,0,0.00876643706950532,0,0,0,0,0,0,0,0,0,0,0,0,0,0,0,0,0,0,0,0,0,0,0,0,0,0,0,0,0,0,0,0.0144020037570445,0,0,0,0,0,0,0,0,0.0588603631809643,0,0,0,0,0,0,0,0,0,0,0,0.0450845335003131,0,0,0,0,0,0,0,0,0,0,0,0,0.00626174076393237,0,0,0,0,0,0,0,0,0,0,0,0,0,0,0,0,0,0,0,0.00375704445835942,0,0,0,0,0,0,0,0,0,0,0,0,0,0,0,0,0.00375704445835942,0,0,0,0.0294301815904822,0,0,0,0,0,0.00563556668753914,0,0,0,0,0,0,0,0,0,0,0,0,0.0100187852222918,0,0,0,0,0,0,0,0,0,0,0,0,0,0,0,0.00250469630557295,0,0,0,0,0,0,0,0,0.0187852222917971,0,0,0,0,0,0,0,0,0,0,0,0,0.0169067000626174,0,0,0,0,0,0,0,0.0050093926111459,0,0,0,0,0,0,0,0,0,0,0,0,0,0,0,0,0,0,0,0,0,0,0,0,0,0,0,0,0,0,0,0,0,0,0.0118973074514715,0.00688791484032561,0.0050093926111459,0,0,0.0112711333750783,0,0,0,0,0.00375704445835942,0,0,0,0,0,0,0,0,0,0,0,0,0,0,0,0,0,0,0,0.00876643706950532,0,0,0,0,0,0,0,0,0,0.00814026299311208,0,0,0,0,0,0,0.00438321853475266,0,0.00751408891671885,0,0,0,0,0,0,0.00688791484032561,0,0,0,0,0,0,0,0,0,0,0,0,0,0,0,0,0,0,0,0.00563556668753914,0.00563556668753914,0.00563556668753914,0,0,0,0,0,0,0,0,0,0.0050093926111459,0,0,0,0,0,0,0,0,0,0,0,0,0,0,0.00438321853475266,0,0,0,0,0,0,0,0,0,0,0,0,0,0,0,0.00375704445835942,0,0,0,0,0,0,0,0,0,0,0,0,0.00313087038196619,0,0,0,0,0,0,0,0,0,0,0,0,0,0,0,0,0,0,0,0,0,0,0,0,0,0,0,0,0.00187852222917971,0,0,0,0,0,0,0,0,0,0,0,0,0
"119pre",0,0.0430939226519337,0,0.0740331491712707,0.0132596685082873,0.0795580110497238,0.0419889502762431,0,0.0497237569060773,0,0.0110497237569061,0.0486187845303867,0,0.0342541436464088,0.117127071823204,0,0,0.0187845303867403,0,0,0,0,0,0,0.00662983425414365,0,0.00662983425414365,0,0,0,0,0,0,0,0,0,0,0,0,0,0,0,0,0,0.0154696132596685,0.158011049723757,0,0,0.0209944751381215,0,0,0.0143646408839779,0,0.00552486187845304,0,0,0,0,0.0552486187845304,0,0.025414364640884,0,0,0,0.0110497237569061,0,0,0,0,0,0,0,0,0,0,0,0,0,0,0,0.0220994475138122,0,0,0,0,0,0,0,0,0,0.00662983425414365,0,0,0,0,0,0,0,0,0,0,0,0,0.0110497237569061,0,0,0,0,0,0,0,0,0,0,0,0,0,0,0,0.0143646408839779,0,0,0,0,0.0110497237569061,0,0,0,0,0,0,0,0,0.00662983425414365,0.0386740331491713,0,0,0,0,0,0,0,0,0,0,0,0,0,0,0,0,0,0,0,0,0,0,0,0,0,0,0,0,0,0,0,0,0,0,0,0,0,0,0,0,0,0,0,0,0,0,0,0,0,0,0.00441988950276243,0,0,0,0,0,0,0,0,0,0,0,0,0,0,0,0,0,0,0,0,0,0,0,0,0,0,0,0,0,0,0,0,0,0.00994475138121547,0,0,0,0,0,0,0,0,0,0,0,0,0,0,0,0,0,0,0,0,0,0,0,0,0,0,0,0,0,0,0,0,0,0,0,0,0,0,0,0,0,0,0,0,0,0,0,0,0,0,0,0,0,0,0,0,0,0,0,0,0,0,0,0,0,0,0,0,0,0,0,0,0,0,0,0,0,0,0,0,0,0,0,0,0,0,0,0,0,0,0,0,0,0,0,0,0,0,0,0,0,0,0,0,0,0,0,0,0,0,0.00441988950276243,0,0,0,0,0,0,0,0,0,0.00662983425414365,0,0,0,0,0,0,0,0,0.0132596685082873,0,0,0,0,0,0,0,0,0,0,0,0,0,0,0,0,0,0,0,0,0,0,0,0,0,0,0,0,0,0,0,0,0,0,0,0,0,0,0,0,0,0,0,0,0,0,0,0,0,0,0,0,0,0,0,0,0,0,0,0,0,0,0,0,0,0,0,0,0,0,0,0,0,0,0,0,0,0,0,0,0,0,0,0,0,0,0,0,0,0,0,0,0,0,0,0,0,0,0,0,0,0,0,0,0,0,0,0,0,0,0,0,0,0,0,0,0,0,0,0,0,0,0,0
"123pre",0,0,0,0,0.02248126561199,0,0,0,0,0,0.0283097418817652,0,0,0,0,0,0,0,0,0,0,0,0,0,0.0424646128226478,0,0,0,0.0266444629475437,0,0,0,0,0.0391340549542048,0,0,0.0333055786844296,0,0.0291423813488759,0,0,0,0,0,0,0.00499583680266445,0,0,0,0,0.0399666944213156,0,0,0,0,0,0,0,0,0,0,0,0,0,0.0108243130724396,0,0,0,0.0133222314737719,0.0274771024146545,0,0.00832639467110741,0,0,0.115736885928393,0.17985012489592,0,0,0,0,0,0,0,0,0,0,0,0,0,0.00915903413821815,0,0.0116569525395504,0,0,0,0,0,0,0,0,0,0,0.025811823480433,0.00499583680266445,0,0,0,0,0,0.0124895920066611,0,0,0,0,0,0.0166527893422148,0,0,0,0.00333055786844296,0,0.0316402997502082,0,0,0,0,0,0,0,0,0,0,0,0,0,0,0.0291423813488759,0,0,0,0,0,0,0,0,0,0,0,0,0,0,0,0,0,0,0,0,0,0,0,0,0,0,0,0,0,0,0,0,0,0,0,0,0,0,0,0,0,0,0,0,0,0,0,0,0,0.00333055786844296,0,0,0,0,0,0,0,0,0,0,0,0,0,0,0,0,0,0,0,0,0,0,0,0,0,0,0,0,0,0.0199833472106578,0,0,0,0,0,0,0,0,0,0,0,0,0,0,0,0,0,0,0,0,0,0,0,0,0,0,0,0.0249791840133222,0.0249791840133222,0,0,0,0.0199833472106578,0.019150707743547,0,0,0,0,0.00999167360532889,0,0,0,0,0,0.0149875104079933,0,0,0,0,0.00999167360532889,0,0,0,0,0,0,0,0,0,0.00666111573688593,0.0141548709408826,0,0,0,0,0.0174854288093256,0,0,0,0,0.00582847626977519,0,0,0,0,0,0,0,0,0,0,0,0,0,0.00915903413821815,0,0,0,0,0,0,0,0,0,0,0,0,0,0,0,0,0,0,0,0,0,0,0,0,0,0,0,0,0,0,0,0,0,0,0,0,0,0,0,0,0,0,0,0,0,0,0,0,0,0,0,0,0,0,0.00915903413821815,0,0,0,0,0,0,0,0,0,0,0,0,0,0,0,0,0,0,0,0,0,0,0,0,0,0,0,0,0,0,0,0,0,0,0.00666111573688593,0,0,0,0,0,0,0,0,0,0,0,0,0,0,0,0,0,0,0,0,0,0,0,0,0,0,0,0.00499583680266445,0,0,0,0,0,0,0,0,0,0,0,0,0,0,0.00416319733555371,0,0,0,0,0,0,0,0,0,0,0,0,0,0,0,0,0,0,0,0,0,0,0,0,0,0,0.00249791840133222,0.00249791840133222,0.00249791840133222,0,0,0,0,0,0,0,0,0,0
"124pre",0,0,0,0,0,0.0128440366972477,0.217125382262997,0,0,0.0036697247706422,0,0,0,0,0,0.00978593272171254,0,0,0,0,0,0.202446483180428,0,0.0232415902140673,0.00428134556574924,0.00917431192660551,0.0103975535168196,0,0.00978593272171254,0,0.0152905198776758,0,0,0.0055045871559633,0,0,0,0,0,0.0758409785932722,0,0,0,0,0,0,0,0,0.00611620795107034,0,0,0.0226299694189602,0,0.0036697247706422,0,0,0,0,0,0,0,0,0.018348623853211,0,0,0.0018348623853211,0,0,0,0.00856269113149847,0.0207951070336391,0,0.0036697247706422,0,0.0116207951070336,0,0,0,0,0,0,0,0,0,0.0140672782874618,0,0,0,0,0,0,0,0,0,0,0,0,0,0,0,0,0,0,0.00244648318042813,0,0,0,0,0,0,0,0,0,0,0,0,0,0,0,0,0,0,0,0.0152905198776758,0,0,0.00244648318042813,0,0,0,0,0.00672782874617737,0.0318042813455657,0,0,0,0,0,0.0262996941896024,0,0,0,0,0,0,0.00428134556574924,0,0,0,0,0,0,0,0,0,0,0,0,0,0,0,0,0,0,0,0,0,0.0275229357798165,0,0,0,0,0,0,0,0,0,0.0110091743119266,0.0036697247706422,0.0318042813455657,0,0,0,0,0,0,0,0.0110091743119266,0,0,0,0,0,0,0,0,0,0,0,0,0,0,0,0,0,0,0,0,0,0,0.0159021406727829,0,0,0,0,0,0,0,0,0,0,0,0,0,0,0,0,0,0,0,0,0,0,0,0,0,0,0,0,0,0.00611620795107034,0,0,0,0,0,0.018348623853211,0,0,0,0,0,0,0,0,0,0,0,0,0,0,0,0,0,0,0,0,0,0,0,0.0146788990825688,0,0,0,0,0,0,0,0,0,0,0,0,0,0,0,0.0018348623853211,0,0.0073394495412844,0,0,0,0,0,0,0.00244648318042813,0,0,0,0,0,0,0,0,0,0.00305810397553517,0.00611620795107034,0,0,0,0,0,0,0,0,0,0,0,0,0,0,0,0,0,0,0,0,0,0,0,0,0,0,0,0,0,0,0.00244648318042813,0,0,0,0.00305810397553517,0.00795107033639144,0,0,0,0,0,0,0,0,0,0,0,0,0,0,0.00672782874617737,0,0,0,0,0,0,0,0,0,0,0,0,0,0,0,0,0,0,0,0,0,0,0,0,0,0,0,0,0,0,0,0,0,0,0,0,0,0,0,0,0,0,0,0,0,0,0,0.00428134556574924,0.00428134556574924,0,0,0,0,0,0,0,0,0,0,0,0,0,0,0,0,0,0,0,0,0,0,0,0,0,0,0,0,0,0,0,0,0,0,0,0,0,0,0,0,0,0,0,0,0,0,0,0.00244648318042813,0.00244648318042813,0,0,0,0,0,0,0,0,0.0018348623853211,0.0018348623853211,0.0018348623853211,0,0,0,0,0,0,0
"127pre",0,0.208371665133395,0.0887764489420423,0,0,0,0,0,0,0,0.0124195032198712,0.0496780128794848,0,0.0220791168353266,0.0197792088316467,0,0.00965961361545538,0,0,0,0.0363385464581417,0,0,0,0,0,0,0,0,0,0,0,0.0340386384544618,0,0,0.00965961361545538,0.00229990800367985,0,0,0,0,0,0,0.224011039558418,0,0,0,0,0,0,0,0,0,0.00827966881324747,0,0,0,0,0,0.0128794848206072,0,0,0,0,0,0,0,0,0,0,0,0,0.00643974241030359,0,0.00551977920883165,0,0,0,0,0,0,0,0,0,0,0,0.0174793008279669,0,0,0.0400183992640294,0,0,0,0,0,0,0,0,0.0321987120515179,0,0,0,0,0,0,0,0,0,0,0.0229990800367985,0,0,0,0.00367985280588776,0,0.00643974241030359,0,0,0,0,0,0,0,0,0,0,0,0,0,0,0,0,0,0,0,0,0,0,0,0,0,0,0,0,0.015639374425023,0,0,0.00137994480220791,0,0,0,0.0170193192272309,0,0,0,0,0,0,0,0,0.00505979760809568,0,0,0,0,0,0.00597976080956762,0,0,0,0,0,0,0,0,0,0,0,0,0,0,0,0,0,0.0252989880404784,0,0,0,0,0,0,0,0,0,0,0,0,0,0,0,0,0,0,0,0,0,0,0,0,0,0,0,0,0,0,0,0,0,0,0.00413983440662373,0,0,0,0,0,0,0,0,0,0,0.015179392824287,0,0,0,0,0,0,0,0,0,0,0,0,0,0,0,0,0,0,0,0,0,0.00505979760809568,0,0,0,0,0,0,0,0,0,0,0,0,0,0,0.00505979760809568,0,0,0,0.0110395584176633,0,0,0,0,0,0,0,0,0,0,0,0,0,0,0,0,0,0.00275988960441582,0,0,0,0,0,0,0,0,0,0,0,0,0,0,0,0,0,0,0,0,0,0.0078196872125115,0,0,0,0,0,0,0,0,0,0,0,0,0,0,0,0,0,0,0,0,0,0,0,0,0,0,0,0,0,0,0,0,0,0,0,0,0,0,0.00551977920883165,0,0,0,0,0,0,0,0,0,0,0,0,0,0,0,0,0,0,0,0,0,0,0,0,0,0,0,0,0,0,0,0,0,0,0,0,0,0,0,0,0,0,0,0,0,0,0,0,0,0,0,0,0,0,0,0,0,0,0,0,0,0,0,0,0,0,0,0,0,0,0,0,0,0,0,0,0,0,0,0,0,0,0,0,0,0,0,0,0,0,0,0,0,0,0,0,0,0,0,0,0,0,0,0,0,0,0,0,0,0,0,0,0,0,0,0,0,0,0,0,0,0,0
"130pre",0,0.141129032258065,0.0387096774193548,0.0193548387096774,0,0.0346774193548387,0,0,0,0.0459677419354839,0.0161290322580645,0,0,0.0137096774193548,0,0,0,0.0185483870967742,0,0,0,0,0,0,0,0.0145161290322581,0,0,0.0338709677419355,0.0774193548387097,0.0209677419354839,0.0137096774193548,0.0483870967741935,0,0.0911290322580645,0.0153225806451613,0,0,0,0,0,0,0,0,0,0,0,0.0258064516129032,0.0153225806451613,0,0.0032258064516129,0.00725806451612903,0,0,0,0,0,0.0629032258064516,0,0,0.0137096774193548,0,0,0,0,0.017741935483871,0,0,0,0,0,0.0137096774193548,0,0,0,0,0,0.025,0,0,0,0.00403225806451613,0,0,0,0,0,0,0.0338709677419355,0,0,0,0,0,0,0,0,0,0,0,0,0.00806451612903226,0,0,0,0,0.00887096774193548,0,0,0,0,0,0.00967741935483871,0,0,0,0,0,0,0,0,0,0,0,0.00403225806451613,0,0,0,0,0,0.00725806451612903,0,0,0,0,0,0.0137096774193548,0,0,0,0,0,0,0,0,0,0,0,0,0,0,0,0,0,0,0,0.00483870967741936,0,0,0,0,0,0,0,0,0.00806451612903226,0,0,0.0137096774193548,0,0,0,0,0,0,0,0,0,0,0,0,0,0,0,0,0,0,0,0,0,0,0,0,0,0,0,0,0,0,0,0.00967741935483871,0,0,0,0,0,0,0,0,0,0,0,0,0,0,0,0,0.0161290322580645,0,0,0,0,0,0,0,0,0,0,0,0,0,0,0,0,0,0,0,0,0,0,0,0,0,0,0,0,0,0,0,0,0,0,0,0,0,0,0,0,0,0.0112903225806452,0,0,0,0,0,0,0,0,0,0,0,0,0,0,0.0032258064516129,0,0,0,0,0,0,0,0,0,0,0,0,0,0,0,0,0,0.00645161290322581,0,0,0,0,0,0,0,0.00645161290322581,0,0,0,0,0,0,0,0,0,0,0,0,0,0,0,0,0,0,0,0,0,0,0,0,0,0,0,0,0,0,0,0,0,0,0,0,0,0,0,0,0,0,0,0,0,0,0,0,0,0,0,0,0,0,0,0,0,0,0,0,0,0,0,0,0,0,0,0,0,0,0,0,0,0,0,0,0,0,0,0,0,0,0,0,0,0,0,0,0,0,0,0,0,0,0,0,0,0,0,0,0,0,0,0,0,0,0,0,0,0,0,0,0,0,0,0,0,0,0,0,0,0,0,0,0,0,0,0,0,0,0,0,0,0,0,0,0,0,0,0,0,0,0,0,0,0,0,0,0,0,0,0,0,0,0,0,0,0,0,0,0,0,0,0,0,0,0,0.00241935483870968,0,0,0,0,0
"133pre",0,0,0,0,0.076530612244898,0,0,0,0,0,0,0,0,0,0,0,0,0,0,0,0.112973760932945,0,0,0,0.0524781341107872,0.0182215743440233,0,0.00947521865889213,0.120991253644315,0,0.075801749271137,0.0619533527696793,0,0.0131195335276968,0,0,0.0553935860058309,0,0,0,0,0,0,0,0,0,0,0,0,0,0.00728862973760933,0,0,0,0.175655976676385,0,0.0167638483965015,0,0,0,0,0.0291545189504373,0,0,0.0276967930029155,0,0,0,0.0276967930029155,0.00801749271137026,0,0.00583090379008746,0,0,0,0,0.0138483965014577,0,0,0,0,0.0065597667638484,0,0,0,0,0,0,0,0,0,0.0138483965014577,0,0,0,0,0,0,0,0,0,0,0,0,0,0,0,0,0,0,0,0,0,0,0,0,0,0,0,0.0153061224489796,0,0,0,0,0,0,0,0,0,0,0,0,0,0,0,0,0,0,0,0,0,0,0,0,0,0,0,0,0,0,0,0,0,0,0,0,0,0,0,0,0,0,0,0,0,0,0,0,0,0,0,0,0,0,0,0,0,0,0,0,0,0,0,0,0,0,0,0,0,0,0,0,0,0,0,0,0,0.00583090379008746,0,0,0.0065597667638484,0,0,0,0,0,0,0,0,0,0,0,0,0,0,0,0,0,0,0,0,0,0,0,0,0.010932944606414,0,0,0,0,0,0,0,0,0,0.0102040816326531,0,0,0,0,0,0,0,0,0,0,0,0,0,0,0.0043731778425656,0,0,0,0,0,0,0,0,0,0,0,0,0,0,0,0,0,0,0,0,0,0,0,0,0,0,0,0,0.00291545189504373,0,0,0,0,0,0,0,0,0,0,0,0,0,0,0,0,0,0,0,0,0,0,0,0,0,0,0,0,0,0,0,0,0,0,0,0,0,0,0,0,0,0,0,0,0.00583090379008746,0,0,0,0,0,0,0,0,0,0,0,0,0,0,0,0,0,0,0,0,0,0,0,0,0,0,0,0,0,0,0,0,0,0,0,0,0,0,0,0,0,0,0,0,0,0,0,0,0,0,0,0,0,0,0,0,0,0,0,0,0,0,0,0,0,0,0,0,0,0,0,0.00583090379008746,0,0,0,0,0,0,0,0,0,0,0,0,0,0,0,0,0,0,0,0,0,0,0,0,0,0,0,0,0,0,0,0,0,0,0,0,0,0,0,0,0,0,0,0,0,0,0,0,0,0,0,0,0,0,0,0,0,0,0,0.00291545189504373,0,0,0,0,0,0,0,0,0,0,0,0,0,0,0,0,0
"138pre",0.020497803806735,0.0541727672035139,0.089311859443631,0.0585651537335286,0,0,0.0702781844802343,0,0.0453879941434846,0,0,0.0834553440702782,0,0,0,0,0,0.0424597364568082,0.0190336749633968,0,0,0,0,0.127379209370425,0,0,0,0,0.0146412884333821,0,0,0,0,0,0,0,0,0,0,0,0,0.0292825768667643,0,0,0.0117130307467057,0,0,0.020497803806735,0.0322108345534407,0,0,0.0161054172767204,0,0,0,0,0,0.0380673499267936,0.0336749633967789,0,0.0278184480234261,0,0,0,0.00585651537335286,0,0,0,0,0,0,0,0,0,0.0146412884333821,0.00585651537335286,0,0.0190336749633968,0,0,0,0,0,0,0,0,0,0.0146412884333821,0,0,0,0,0,0,0,0.00732064421669107,0,0,0,0,0,0,0,0,0,0,0.0161054172767204,0,0,0,0,0,0,0,0,0,0,0,0,0.0161054172767204,0,0,0,0,0.00585651537335286,0,0,0,0,0,0,0,0,0,0,0,0,0,0,0,0,0,0,0,0,0,0,0,0,0,0,0,0,0,0,0,0,0,0,0,0,0,0,0,0,0.0117130307467057,0,0,0,0,0,0,0,0,0,0,0,0,0,0,0,0,0,0,0,0.00732064421669107,0,0,0,0,0,0,0,0,0,0,0,0,0,0,0,0,0,0,0,0,0,0,0,0,0,0,0,0,0,0,0,0,0.00292825768667643,0,0,0,0,0,0,0,0,0,0,0,0,0,0,0,0,0,0,0,0,0,0,0,0,0,0,0,0,0,0,0,0,0,0,0.0292825768667643,0,0,0,0,0,0,0,0,0,0,0,0,0,0,0,0,0,0,0,0,0,0,0,0,0,0,0,0,0,0,0,0,0,0,0,0,0,0,0,0,0,0,0,0,0,0,0,0,0,0,0,0,0,0,0,0,0,0,0,0,0,0,0,0,0,0,0,0,0,0,0,0,0,0,0,0,0,0,0,0,0,0,0,0,0,0,0,0,0,0,0,0,0,0,0,0,0,0,0,0,0,0,0,0,0,0,0,0,0,0,0,0,0,0,0,0,0,0,0,0,0,0,0,0,0,0,0,0,0,0,0,0,0,0,0,0,0,0,0,0,0,0,0,0,0,0,0,0,0,0,0,0,0,0,0,0,0,0,0,0,0,0,0,0,0,0,0,0,0,0,0.00878477306002928,0,0,0,0,0,0,0,0,0,0,0,0,0,0,0,0,0,0,0,0,0,0,0,0,0,0,0,0,0,0,0,0,0,0,0,0,0,0,0,0,0,0,0,0,0,0,0,0,0
"139pre",0.0611979166666667,0.154947916666667,0.109375,0.05859375,0,0,0,0,0,0,0.0104166666666667,0,0,0,0,0,0.0416666666666667,0,0,0,0.0078125,0,0,0,0.0104166666666667,0,0,0,0.0234375,0,0.0078125,0,0,0,0.0247395833333333,0,0,0,0,0,0.03515625,0,0,0,0,0,0,0.0182291666666667,0.00911458333333333,0.165364583333333,0.00651041666666667,0,0,0,0,0,0,0.0286458333333333,0,0,0.0481770833333333,0,0,0,0.0260416666666667,0.00911458333333333,0,0,0,0,0,0,0,0,0,0,0,0,0,0,0,0,0,0.00911458333333333,0,0,0.0104166666666667,0,0,0,0.0130208333333333,0,0,0,0,0,0,0,0,0,0,0,0,0,0,0,0,0,0,0,0,0,0,0,0,0,0.00651041666666667,0,0.0104166666666667,0,0,0,0,0,0.00520833333333333,0,0,0,0,0,0,0,0,0,0,0,0,0,0,0,0,0,0,0,0,0,0,0,0,0,0,0,0,0,0,0,0,0,0,0,0,0,0,0.00911458333333333,0,0,0,0,0,0,0,0,0,0,0,0,0,0,0,0,0,0,0,0,0,0,0,0,0,0,0,0,0,0,0,0,0,0,0,0,0,0,0,0,0,0,0,0,0,0,0,0,0,0,0,0,0,0,0,0,0,0,0,0,0,0,0,0,0,0,0,0,0,0,0,0,0,0,0,0,0,0,0,0,0,0,0,0,0,0,0,0,0,0,0.0078125,0,0,0,0,0,0,0,0.0078125,0,0,0,0,0,0,0,0,0,0,0,0,0,0,0,0,0,0,0,0,0,0,0,0,0,0,0,0,0,0,0.0260416666666667,0,0,0,0,0,0,0,0,0,0,0,0,0,0,0,0,0,0,0,0,0,0,0,0,0,0,0,0,0,0,0,0.01953125,0,0,0,0,0,0,0,0,0,0,0,0,0,0,0,0,0,0,0,0,0,0,0,0,0,0,0,0,0,0,0,0,0,0,0,0,0,0,0,0,0,0.00390625,0,0,0,0,0,0,0,0,0,0,0,0,0,0,0,0,0,0,0,0,0,0,0,0,0,0,0,0,0,0.0104166666666667,0,0,0,0,0,0,0,0,0,0,0,0,0,0,0,0,0,0,0,0,0,0,0,0,0,0,0,0,0,0,0,0,0,0,0,0,0,0,0,0,0,0,0,0,0,0,0,0,0,0,0,0,0,0,0,0,0,0,0,0,0,0,0,0,0,0,0,0,0,0,0,0,0.00390625,0,0,0
"140pre",0.00214669051878354,0.0944543828264758,0.0837209302325581,0.0293381037567084,0.00393559928443649,0.0350626118067979,0.290518783542039,0,0,0,0.0232558139534884,0.00715563506261181,0.00214669051878354,0.0246869409660107,0,0,0.00966010733452594,0.0150268336314848,0,0,0,0,0,0,0.0121645796064401,0,0,0,0.0075134168157424,0,0,0,0.00787119856887299,0,0,0.0150268336314848,0,0,0.00679785330948122,0.037567084078712,0,0,0,0,0.00930232558139535,0,0.0275491949910555,0.00894454382826476,0,0,0.0035778175313059,0,0,0.0118067978533095,0,0,0.00572450805008945,0.00465116279069767,0,0,0,0.00286225402504472,0.0175313059033989,0,0,0.00250447227191413,0,0,0,0,0,0,0,0.00250447227191413,0,0,0,0,0,0,0,0,0.00858676207513417,0.0035778175313059,0,0,0,0,0,0,0,0.0100178890876565,0,0.0125223613595707,0.0257602862254025,0,0,0,0,0,0,0,0,0.00178890876565295,0.00608228980322004,0.0035778175313059,0.00250447227191413,0,0,0.00322003577817531,0,0,0,0,0,0,0,0,0,0,0,0,0,0,0.00250447227191413,0,0,0,0,0,0,0,0,0,0.00679785330948122,0,0.0035778175313059,0,0,0,0,0,0.00322003577817531,0,0,0,0,0,0,0.00500894454382826,0,0,0,0.00858676207513417,0,0,0,0,0,0,0.00608228980322004,0,0,0.0203935599284437,0,0,0,0,0,0.00572450805008945,0,0.00572450805008945,0,0,0,0,0,0,0,0,0.00536672629695885,0,0,0,0,0.00322003577817531,0,0,0,0,0,0,0,0.00536672629695885,0,0,0,0,0,0,0,0,0,0,0,0,0,0,0,0,0,0,0,0,0,0,0,0,0,0,0,0,0,0,0,0,0,0,0,0,0,0,0.00679785330948122,0,0,0,0,0,0,0,0,0,0.00679785330948122,0,0,0,0,0,0,0,0,0,0,0,0,0,0,0,0,0,0,0,0,0,0,0,0,0.00178890876565295,0,0,0,0,0,0,0,0,0,0,0,0,0,0,0,0,0,0,0,0,0,0,0,0,0,0,0,0,0,0,0,0,0,0,0,0,0,0,0,0,0,0,0,0,0,0.00608228980322004,0,0,0,0,0,0,0,0,0,0,0.00250447227191413,0,0,0,0,0,0,0,0,0,0,0,0.00500894454382826,0,0.00178890876565295,0,0,0,0,0,0,0,0,0,0,0,0,0,0,0,0,0,0,0,0,0,0,0.000715563506261181,0,0,0,0,0,0,0,0,0,0,0,0,0,0,0,0,0,0,0,0,0,0,0,0,0,0,0,0,0,0,0,0,0,0,0,0,0,0.00286225402504472,0,0,0,0,0,0,0,0,0,0,0,0,0,0,0,0,0,0,0,0,0,0,0,0,0,0,0,0,0,0,0,0,0,0,0,0,0,0,0,0,0,0,0,0,0,0,0,0,0,0,0,0,0,0,0,0,0,0.00143112701252236,0,0,0,0,0,0,0,0,0,0,0,0,0,0,0,0
